Id;Comment;Label
1;16 Februari hari kematian mantan mu Dann hari ulang tahun mu BG kauu haruss selalu mengingat ituu;Negative
2;Tidak layak menjadi bintang dunia;Negative
3;Sok paling ganteng ternyata redflag🤮🤮🤮🤮🤮🤮🤮;Negative
4;Payah lo bang? Cuma di film lagaknya gentle. Didunia nyata? Jauh dari kata gentle. 🤮;Negative
5;Merasa sipaling oke bgt, muka pdhl udah peyot juga gamikir udah lansia;Negative
6;Pake dalemannya bang ketinggalan noh dirumah mantan;Negative
7;shiballl;Negative
8;Masa pacaran sama bocah bang;Negative
9;Jangan BANGGA dulu, baru juga menang 1 KALI, kita lihat kedepan dulu;Negative
10;Lu jangan nyoba hero di ranked lah.;Negative
11;halah, kok gue curiga sengaja d bikin menang . krn klo kalah, dia d tuntut d pecat;Negative
12;Yaiyalah federasi backing, mereka kan harus mempertahankan gengsi sama keputusan yg mereka buat. Strateginya salah tetep bakal dicebok kok biar ga malu;Negative
13;Jangan eksperimen2 di laga penting lagi pak petrik.;Negative
14;suami kerja di Sampoerna kayu, Alhamdulillah gajian telat Bae..... saking telat nya 1 bulan terlewatkan gitu aja tanpa di bayar;Negative
15;dengan benefit seperti itu, jangan harap work life balance gaes.;Negative
16;oylah laki gue di Sampoerna kerjanya bukan 24jam lg wkwk, sampe erorrr itu jam x😭;Negative
17;tau kan artinya benefit gede😌 bisa bisa seluruh hidup mu cuma tentang perusahaan😂😂😂;Negative
18;Hahaha jam kerja fleksibel itu tengah malem lu juga harus stand by ya guys🥰;Negative
19;benefitnya gede, gajinya gede, tekanannya jauh lebih gedeeee;Negative
20;Cewek sekarang banyak bener tuntutannya, kalo ditanya dianya bisa apa, bisa dandan doang😅;Negative
21;Ya jangan samain cewek indo sama luar negri lah jelas beda sdm;Negative
22;Masalahnya cowo sini tu ga bs kerja domestik;Negative
23;Jangan kelamaan dibiayain bini.. lama2 bisa jengkel jg lhooo suatu saat;Negative
24;Mending lu diem deh bang,udah hilang respect sama lu jdi yah omongan lu ga lebih dari kata kata kosong;Negative
25;Ngak berlaku laki2 yg gaji UMR Konoha, ini fakta lohhh;Negative
26;FOTO LAMA ? GA ADA DUIT LAGI KAH BUAT PURA PURA TERLIHAT KAYA;Negative
27;Semakin yakin untuk korupsi;Negative
28;sesuai sih muka sama kelakuan. ☺;Negative
29;eh bang? yang ganteng aja gak gitu loh 🙏;Negative
30;Beli 1 ice cream kek beli saham 😩;Negative
31;Pentingnya nafkah pake duit halal si bang intinya, klo ga mau punya anak model gini;Negative
32;Ketika Supir ALS pacaran ama LC;Negative
33;Bro ber pikir bro keren;Negative
34;anak mami;Negative
35;Gimana kalo si pacarnya yg digituin sama orang.. hmmm😌;Negative
36;Kayak besi dalaman kabel😢😢;Negative
37;Bungkus rokok dalemannya bukannya sama ya. Yang kuning emas gitu😁😅 maaf ya bu jullid😂;Negative
38;"Pengen nyobek!!
";Negative
39;"Warna paku berkarat kerendem air
";Negative
40;Aura bungkus roko sangat kuat;Negative
41;Saingan manusia silver😂;Negative
42;Astaghfirullah seriusan dri jauh ak kira lgi cosplay costum fir'aun😭;Negative
43;Sakit perut seperti itu jangan di diemin ya guys bisa terjadi luka di lambung karna makan pedas, kalau ada mual jangan di kasih susu, tapi minum obat lambung seperti polisilen cair dsb;Negative
44;Cmn karna makanan 10rebu relaa nyakitin diri sendiri?? 👏👏;Negative
45;Aduh aa, jgn nyiksa diri;Negative
46;Ngawur bgt sumpa;Negative
47;cina pelit;Negative
48;ci piring nya ga dijilat juga;Negative
49;pisang enga sak kulit e di mkan biarlebih kenyang✌️🙄.;Negative
50;anjir segitunya;Negative
51;PDHL DIA SENDIRI YG BILANG DIRINYA OLD MONEY😭;Negative
52;old money? money laundry kali;Negative
53;"""RUMAH disamping pembuangan sampah"" Oh Pantes udah jelas...dr makanya";Negative
54;Jadinya muka old money apa muka dikira pembantu sih😭;Negative
55;mana ada malah kek ga keurus gtu🤣;Negative
56;jd dibilang muka old money apa mirip babysitter 😭;Negative
57;klo makan kayak takut ngk kebagian 😁😁😁;Negative
58;Pret lah;Negative
59;YANG JADI TEMEN NYA KO BETAHHHHHH;Negative
60;lewat fyp mulu anj;Negative
61;"DIA ASIK SENDIRI WELLLL😭""";Negative
62;Dua duanya Preman :);Negative
63;kok bisa umur 22 rambutnya pada hilang 🗿;Negative
64;ancritttt tiket jogja udah abis anjir;Negative
65;pembohong publik;Negative
66;wkwkwk sifat aslinya skrg keluar 🤪 makanya kalo gakuat jd influencer gaush maksa. skrg di komen dikit lgsg mau bales semua komentar 😆😆 kocakk;Negative
67;Lah Islam kah? Di akun sebalah katanya makan B2 bener tah??;Negative
68;tapi konten²nya flexing;Negative
69;jadi ngopi atau minum macha di pinggir danau, padahal sungai;Negative
70;pick me pick me;Negative
71;ga peduli kak;Negative
72;kurang ka segitu mah harusnya cabe 1ton;Negative
73;anj anak skrg waktu sekolah SD gak belajar Matematika kah?? kenapa rata² nyalahin yg 6+3x4 = 18.. malah jawabannya 36... kacau kacau kacau....;Negative
74;Emang ya orang indo matematika dasar begini udah wajib bisa sihh harusnya, bukan malah bangga cuma karna matematika dasar bisa trus dibilang pinter 😭🙏;Negative
75;LU KONT*L PAK SUMPAH;Negative
76;GA PERNAH SEMUAK INI SAMA NENEK;Negative
77;playing victim;Negative
78;gak nyangka kalo mami bakal kayak gini;Negative
79;betulss. gakk Suka lagi nenek2..;Negative
80;air mata buaya tuh mami louissee;Negative
81;sisi gelap nya kegelapan mami 😀;Negative
82;minta maaf doang nihh??😹;Negative
83;mami kagak kali gw bukan anak lu!???? 💢💢💢;Negative
84;hati² yang jadi temennya😂😂;Negative
85;mami kamu tuh coba kalau chat itu nnya salting buat apa ya jawab emoticon ketawa bukan berarti salting .hmm;Negative
86;"racik lagi coach untuk lini tengah biar enak diliat mainnya ga crossing"" ke depan mulu";Neutral
87;eh ini aslii??😭;Neutral
88;Ini beneran gasi?😭 (Serius tanya dg nada lemah lembut);Neutral
89;gaada orang sempurna;Neutral
90;ooh itu namanya tics disorder ya, aku soalnya ada gt jg tp syukurnya g parah sih;Neutral
91;ternyata setiap manusia bener-bener ada kurang lebihnya sendiri ya..;Neutral
92;maaf mau tanya kalau kayak gini bisa bawa kendaraan ga ya? karena kan itu kita gabisa tau kapan bereaksi nya🙏🏻;Neutral
93;kak, mohon maaf mau tanya, ini sama kayak tourrete syndrome ya? 🥹;Neutral
94;reyal or fake🤪;Neutral
95;Bca berlaku cmn kartap kalo bakti mah gasebanyak itu😭;Neutral
96;kerjanya ngapain ajasiii?;Neutral
97;owalah pantes im3 mahal yh, selangit harganya naik pulak tiap beberapa periode 😄😄😄😄😄;Neutral
98;indosat jam flexibel? hahaha masa?;Neutral
99;pas kuliah aku baru notice, perusahaan tuh kalau mau maju harus mensejahterakan SDM nya, ya intinya gtu panjang kalau dijlsin😅;Neutral
100;gaji besar = pressure besar. dimana2 gitu. itu wajar, hehe..😀😀;Neutral
101;gimana sih beli saham ?;Neutral
102;ok dmn info lokernya;Neutral
103;Di Jepang gausah perusahaan2 tertentu bahkan kerja jd cleaning service hotel jg dapet bonus 😂;Neutral
104;Setujuhhh banget;Neutral
105;Aku juga kalo holiday aku yg bayarin suami ku 100% ini sejak aku nikah sama suami ju dan tinggal di London;Neutral
106;Selama ini yang ngerekamin siapa bang ?;Neutral
107;Bg lebih dahulukan kebutuhan primer atau langsung inves?;Neutral
108;"mba kasirnya bilang apa ga kedengeran?
";Neutral
109;"Ceweknya bilang apa? “Emang”?
";Neutral
110;Ga bisa ikutan, ga ngerti kasusnya, ga tau vt nya🤣;Neutral
111;udh hilang ya vidio aslinya;Neutral
112;betulllll;Neutral
113;Apa Ndak panas yaaa;Neutral
114;min kualat lu😂😂😂;Neutral
115;Dia sadar loh bang kalau direkam 😂😂😂;Neutral
116;Itu baju beli sendiri apa dibeliin anak y;Neutral
117;Bukan emak gua sumpah😭;Neutral
118;"Berapa karat tu
";Neutral
119;lidah kuat, lambung belum tentu😂;Neutral
120;Bear brand 2 kaleng;Neutral
121;Kasih HCL bang biar ususnya bersih;Neutral
122;Lvl 9 emang semengeeikan itukahh? Kok kek B aja sihh;Neutral
123;Apa aku doank yg gak doyan gacoan😢;Neutral
124;pedas hanya ilusi tetapi mencret sudahlah pasti;Neutral
125;hallo ciii;Neutral
126;aku juga sering gituin celanaku yang kegedean 😭;Neutral
127;terserah yg penting makan;Neutral
128;semua org siapa anjir?;Neutral
129;IYA MBAK IYA😅;Neutral
130;kak udah kakk🙏🥺;Neutral
131;wkwkwk;Neutral
132;perasaan banyak bgt orang yg komen tentang dia 🤣;Neutral
133;coba kalian cari pacar Justin hubner, tebak nanti yang muncul siapa;Neutral
134;jadi, siapa nih dipilih aisar atau Justin hubner😭;Neutral
135;YANG LOGIN SIAPA😭😭😭;Neutral
136;gimana para saksi, sahhh🤣;Neutral
137;nama kapalnya apaa;Neutral
138;ada yg sama GK salfok sama hp nya Justin hubner 🗿;Neutral
139;AKU NAIK KAPAL YANG INI AJA DEH😭;Neutral
140;ambil wudhu nya gimana? kan hrus kna kulit kepala;Neutral
141;Menurutku diusia yg masih 22 mending usaha buat numbuhin rambutnya kembali dgn bbrp hairtreatment / tanam rambut karna kalau pakai rambut tempel gtu jadinya menghambat pertumbuhan rambut gasii;Neutral
142;btw itu kenapa harus pke itu ka?;Neutral
143;knp bisa botak SHARING KAKA;Neutral
144;hair spraynya beli di mn k?;Neutral
145;btw kak udh pernah coba prp treatment kah?;Neutral
146;Kalo pangkas rambut biasanya bilangnya gimana kak? Lagi ngumpulin info soal hair topper nih.;Neutral
147;kalo gatel bisa digaruk nggak?;Neutral
148;kalo pas berenang lepas gaa kakk?? 😭;Neutral
149;itu harus di lem terus atau gmn ka, baru tauu;Neutral
150;Kalau konser kek gini, boleh bawa bendera Slank gak kak?;Neutral
151;info tiket pls;Neutral
152;Mas mas kompetitor itu udah ga berantem ?;Neutral
153;circle ga makan gorengan;Neutral
154;gacor😭;Neutral
155;ini kolaborasi macam apa😭;Neutral
156;sedih banget orang indonesia kalau ngehujat nomor satu padahal dia sama sekli nggk ngerugiin orang lain;Neutral
157;kenapa sih orang indonesia ketikannya,omongan nya ga di jaga,padahal kakak ini cuman bikin konten yang menceritakan kesehariannya,tentang makanan kalo dia bisa pedes;Neutral
158;ka suka seblak ga?;Neutral
159;nagetnya di kukus duluu lebih tahan lamaaa🙏;Neutral
160;mereka lupa klau dia China🗿;Neutral
161;tapi gak usah suruh vior masak aja soalnya resep DEBM semua 🤣🤣;Neutral
162;tapi beneran ada yg kya vior, di akademi cerdas tp klo ngobrol sama orang lemot 😭;Neutral
163;videonya udh ga ada ya(;Neutral
164;menurut aku si livy soal membahas tentang Wili sampai ci Vilmei nangis;Neutral
165;ini maksudnya apa ya,saya kurang paham Dengan kasus mereka?,yang tau boleh jelasin?;Neutral
166;guys gw ggk ngerti masalahny dr awal ada yg mau bantu spill awalny knp😩;Neutral
167;Kita gak tau isi hati orang👍;Neutral
168;whatt ngga tau???;Neutral
169;knp hrus panggil mami?;Neutral
170; kenapa Wili ngasih tau foto rambut nya njr?;Neutral
171;Maaf karena meragukanmu, Sir Alex Pastoor!!;Positive
172;Terima kasih sir alex pastoor 👏🙌;Positive
173;Kami percaya Coach Patrick dan Tim, Perubahan lebih baik🙌;Positive
174;Gua dukung oelatih baru apapun terjadi demi indonesia ku❤️❤️❤️;Positive
175;KAMU KERENNNN BANGET KAKK, PROUD OF YOU!! 🥺;Positive
176;semoga lekas membaik saudaraku🫂🫂🫂;Positive
177;kak it's okay banget kok🥹, seperti yang kamu bilang itu 'anugrah', hebat banget kamuu bisa nerima ini dengan legowo🫵💪🤟;Positive
178;KAAKK, SEMANGAAT TERUUUS! <3333;Positive
179;YA ALLAH DAM SAKING PINTERNYA LU NGEHIBUR ORANG SAMPE GUA PIKIR LU NGE PRANK, SEND VIRTUAL HUG FOR U🫂💗💗;Positive
180;ka keren banget bisa ngendaliinnya;Positive
181;kak semangat terus, kamu tetep kerenn, malah lebih kerenn dengan cara berpikir kamu🤍☺;Positive
182;kakk kamu kerenn, makasi dah mau bicara dan terbuka.. kamu hebatt🤩;Positive
183;Keren bgt bisa nahan ituu, padahal pasti susah bgt... ☹️. Semangat trs kk Sadamm🥰🫶🏻;Positive
184;Keren sekali bisa mendristraksi sampai bisa ga keliatan, keren juga dlm hal penerimaan & justru dijadikan hal utk bersyukur. Terima kasih ya Kak Sadam sudah terbuka, sampai di titik ini hebat sekalii;Positive
185;cherfull ka sadammmm, bener² keren bgtt bisa ngedistraksi fokusnya waktu kegiatan di luar, Allah sayang bgt sm kaka💓;Positive
186;🥹🙏cepet sembuh dan kamu hebat. Km tetap berjuang dan terus upgrade ke your best version. Bukan malah mengeluh. Km keren. Km hebat. Respect 🙏. Gue bangga;Positive
187;"ini bukan penghalang buat aku meraih mimpi"" 💯💯💯 sebelumnya aku kagum aja sekarang jadi KAGUM BANGET. thank you for sharing us the story, kak! you're truly an inspiring person 💖";Positive
188;Klo ada yg tanya “ini beneran kah?” Ini beneran guys disorder tipe itu emang ada contoh klo di public figure lainny itu kek billie eilish dan g mgkin kak sadam bikin joke ttg disorder;Positive
189;KEREN BANGET BANG? 😭gua ga tau sebuah apa karena ga pernah ngerasain tapi gua yakin pasti susah banget biar klihatan kan;Positive
190;gatauuu, sebelumnya udah kagum. makin kagum aja pas tau hal inii.. so proud of u kak;Positive
191;nope! itu bukan kekurangan sama sekali damm. dan setuju, itu salah satu tanda bahwa kamu berhasil menaklukkan limitasi yg km punya dengan baikk;Positive
192;tempat kerja gw ternyata hidden gem, di tempat kerja kayak keluarga, kesejahteraan karyawan terjamin, bonus akhir tahunnya ga ngotak 😭;Positive
193;suami ku kerja di sampoerna, gak se menyeramkan itu 😂 justru perusahaan besar sangat memanusiakan manusia 🙏🏻;Positive
194;Sampoerna adalah kesempurnaan. pernah 4th disitu. ya, emang sesejahtera itu sampai level paling bawah;Positive
195;adaa, paragon adalah perusahaan impian gue dan bakal gue coba teruss sampai tembus;Positive
196;Alhamdulillah rezeki suamiku ada di salah satunya;Positive
197;Ini baru cinta sejati❤️;Positive
198;"""Kalian Berdua Sangat Istimewa Koh";Positive
199;Kayaknya lebih fleksibel lebih baik ya. Cowok bisa ngurus kerjaan rumah kalau istrinya pas nggak bisa, dan cewek bisa cari duit pas cowoknya nggak bisa.;Positive
200;Nah ini nih🔥🔥saling mendukung;Positive
201;Panutan bangettt👏;Positive
202;Keren mas Tim 🙌;Positive
203;Ketua kami sudah kembali 🔥🔥🔥;Positive
204;MENYALA ABANGKUH😍👏;Positive
205;Visi yang gila + action yang gila = hasil yg luar biasa.🔥 lanjutkan ncek, masih banyak orang2 arogan yg belum sadar untuk disadarkan. 🔥👏🙌;Positive
206;Hasil yang sangat setimpal bagi orang-orang yang kerja super keras👏;Positive
207;mereka itu double job, nerima orderan drive thru sekaligus kasir. jadi mohon bersabar.;Positive
208;"Cetar sekali seperti cuaca hari ini 🔥😂
";Positive
209;"Menyala 🔥
";Positive
210;"Aura emasnya kuat bngt😭🤣🙏🏿
";Positive
211;"Aura kaya nya kuat banget 😢😂
";Positive
212;Kalah glamour Bu Titik Soeharto. Cuma perhiasannya aja yg emas, lah emak2 ini sak baju2nya dan hijabnya emas semua, menyala si emak 🔥🔥😂😂;Positive
213;Suka heran gw sma yg traktir orang tp nyiksa kek gini. Tujuan nya apaan duh lagian mie gacoan kan harga nya gak sbrapa ngapain jg nyiksa diri sndiri. Klo mau traktir ya yg wajar2 aja klo udh diare atau smpe knp2 emang tmn nya mo tnggung jwab itu? 😔😔😔;Positive
214;tim yg ngga level levelan, biar bisa dinikmati;Positive
215;Gaboleh sok pamer level 9 harusnya level 2-3 lebih baik aja jaga kesehatan lambung;Positive
216;banyak yg bilang pelit. tapi menurutku itu tindakan yg bagus. jadinya nggak mubazir. btw aku juga gitu;Positive
217;banyak yg bilang pelit. tapi menurutku itu tindakan yg bagus. jadinya nggak mubazir. btw aku juga gitu;Positive
218;bagiku bukan pelit sih,lebih ke menghargai makanan emang,,aku like yg begini begini🤗☺️☺️;Positive
219;Jadikan inspirasi aja gais sbnrnya mah;Positive
220;seru banget baca komen😂😂;Positive
221;KALO SAMA YG INI ADEM TILL , GAADA HURU HARA🥰😎;Positive
222;DIEM DIEM MENGHANYUTKAN ANJIRRRRRRR😖😖😖😍😍😍🥰🥰🥰;Positive
223;Mellow deh ka liat papa viral kalo lg mengenang almarhumah istrinya, sehat terus ya ka tiara dan keluargaa;Positive
224;lebih worth it hair topper karena lebih murah, kalau transplant lebih mahal😂😂😂;Positive
225;ebih suka effort gini drpd yg suka bilang 'akumah gini apa adanya' kaga rapih penmpilannya duh😭😭😭;Positive
226;bagus ini gak kliatan palsu...kliatan asli bgt. mahal bgt pasti. punya ruben onsu mah kliatan bgt hair toupe nya;Positive
227;spill harga sama belinya dmna kak please😭🙏;Positive
228;salut sm usaha kakaknya, alhamdulillah kaya rambut sendiri 👍🏻;Positive
229;bapakku litereli dimanapun kapanpun pake topiii. ini bnrn keren deh;Positive
230;Tapi beneran sih hair topper looks good on him;Positive
231;ku doain semoga bisa hair stransplant ya kak;Positive
232;kak up terus ya kembarannya. saya juga mengalami kebotakan kok. semangat salam buat kembarannya kak;Positive
233;idgitaf lu keren banget sumpah dari cover di tiktok sampe konser brg 3 pilar kehidupan!!!! 💗;Positive
234;gawat, pilar pilar Spotify bersatu;Positive
235;akur banget playlistku;Positive
236;Tulus bersinar bgt abis wudhu bang? 🥺;Positive
237;Orang orang di playlist gw bersatu gini helpppp info tiket😭😭😭;Positive
238;wah musisi2 lagu green flag disatuin 😭 vibenya adem bgt;Positive
239;dere lucu bgtttt;Positive
240;genre yg tiap lagunya ngomongin realita kehidupan 🥺🫶🤍;Positive
241;Orang pinter mana yg nyatuin mreka😭🔥;Positive
242;GONG BGT INI KESUKAAN AKU SEMUAAAAAAA DI SATUIN?!!!! YA ALLAHHHH MAU NONTONNNNN;Positive
243;respect banget cara makannya udah berubah🫶🏻;Positive
244;guys?kasian loh kknya 😔😔;Positive
245;pertama semangat ya kak jangan dengerin kata orang 🤗;Positive
246;seru bgt liat komen netizen 😭, semangat kaa❤️;Positive
247;Life is goes on kak, tetep semangat, jangan terlalu memikirkan perkataan orang lain kak hidup cuma sekali, intinya enjoy your life kak!;Positive
248;ka coba ganti cat rambut yg warna red wine pasti kakaknya cantik bgt;Positive
249;dah bagus sekali ini banyak perubahan banget suka dej;Positive
250;vior ga kosong, cuman lemot aja ga sih;Positive
251;Lagien alumni sekolah penabur..pasti ada lah sisi pinternya..;Positive
252;ternyata yg kosong itu bukan vior. tapi gw 😂;Positive
253;kemampuan vior yg bsa di sombongin yah itu pinter matematika dia itu Pinter bukan kosong cuma tata bahasanya aja yg agak ngelag dikit;Positive
254;udah minta maaf gk usah di hujat;Positive
255;itu lah resikonya sosmed, sekarang dekatin diri k Tuhan lepasin semua doa sesuai keyakinan mu brsihkan dri pokoknya mikir posif aja;Positive
256;PICK ME yng pink;Negative
257;Jawa-hama;Negative
258;Jawa-hama;Negative
259;a-na plis jgn main sm carmen;Negative
260;ANI ANI;Negative
261;YANG KANAN ISYA YANG KIRI MAGHRIB;Negative
262;pls mendingan vanesya dripada carmen 😭;Negative
263;NJZ BETTER THAN H2H;Negative
264;yg setuju carmen magrib 🥰👇🏻;Negative
265;2 LC;Negative
266;HEARTS2HEARTS = HAMA;Negative
267;CARMEN = HAMA;Negative
268;carmen magrib bgt dah 😭;Negative
269;carmen magrib kebanting bgt visualnya sama kim vvup;Negative
270;ga semua cocok di velocity, fansnya pada napa dah 😆;Negative
271;Mereka pada percaya kalok dia gak punya uang 😹😹;Negative
272;dasar bocah gen z;Negative
273;plastik;Negative
274;caper;Negative
275;nyusahin;Negative
276;Babi glowing;Negative
277;Gaenak, amis;Negative
278;jijik dgrnya;Negative
279;Nyesel subscribe sibungbung...gak lagi2 deh;Negative
280;Si pink kan emg gt terobsesi visual unreal;Negative
281;baju lu itu-itu aja;Negative
282;"knp sih selalu TREASURE kena salah
kan gima yg duluan
pilih kasih bgt 😹";Negative
283;yg dimarahin treasure Mulu jir😹;Negative
284;treasure mulu deh perasaan;Negative
285;belum dibuang juga ya ternyata 😔;Negative
286;DASAR MAK MAK PILIH KASIH;Negative
287;TREASURE SERBA SALAH😔;Negative
288;"aku lebih suka nengok treasure
dari pada gim gim";Negative
289;treasure mulu yg dimarahin;Negative
290;gim-gim: fefek;Negative
291;gim² ngeselin bgt knp gk dibuang aj;Negative
292;treasure Mulu yang di salahin 😹 , jelas gima yang duluan;Negative
293;pilih kasih bet anjr;Negative
294;"giliran treasure punya mainan atau brg lain nya gima minta bagi
giliran treasure minta bagi punya gima,gima Langung jawab ""nonoo""😹";Negative
295;gimgim qnj;Negative
296;apasihh cii mehong ngeselin mulu;Negative
297;kasian treasure dia di marahin padahal gimana dluan dan dia suka disayang;Negative
298;treasure trs yg di salahin dah;Negative
299;gimgim kaya fizi tengill bgt;Negative
300;gimgim bisu;Negative
301;apalah, treasure Mulu yang dimarahin jelas jelas gimana duluan gak adil itu;Negative
302;gak adil bet anjirr;Negative
303;maknya gak adil;Negative
304;danielle apa bgt dah outfitnya😂;Negative
305;Treasure kayak salah mulu ih pilkas;Negative
306;gk suka banget sama gim gim soalnya dia kayak nakal banget dan dia anggap dirinya selalu benar ishhh ngeselin banget;Negative
307;playing victim bgt gimgim😭😭;Negative
308;knp GK dibuang aja sih si gim2 , ngeselin bgt 😒;Negative
309;gim gim buang aja kakkk;Negative
310;apasih pelit banget;Negative
311;jual kesedihan😹😹;Negative
312;nangis dulu biar di kasih;Negative
313;mana air matanya ga keluar njir 🗿😹🫵;Negative
314;Itu dikasih dempul?;Negative
315;"""Terlalu setia sama HTS"" mau dibelain mba? 😂";Negative
316;yaa ga puasa;Negative
317;najis;Negative
318;jijik bgt;Negative
319;ga jls jd org;Negative
320;buang aja ka.. aku baby blues lihatnya 😌;Negative
321;jadi greget bgt anjj sama gimgim;Negative
322;kenapa di ajak sih kak😭;Negative
323;buang aja ci stres aku liatnya😭;Negative
324;kok belum di buang ya gim🤗;Negative
325;ga nafsu gw liat dia makan🤮;Negative
326;pen muntah liat mukanya;Negative
327;cara mknnya ga bgt🤮;Negative
328;muka jelek gitu;Negative
329;cowonya najis bgt;Negative
330;salome🤣;Negative
331;mukanya LC bgt;Negative
332;boti bgt;Negative
333;maka nya kau denger pakai kuping mu.;Negative
334;yg gw heran knpa sih autornya manjain banged si dontol;Negative
335;diepisode brp ya dontol meninggal?;Negative
336;dontol🗿;Negative
337;antara oon atau pemalas sih 😌;Negative
338;di eps brp bang denis dibunuh adit;Negative
339;Semua benci dontol😭;Negative
340;GAK KEBAYANG... PENGUNJUNG LAIN PASTI SANGAT TERGANGGU;Negative
341;ganggu org org yg ada di situ juga;Negative
342;ajg ama senpai nya kaya gitu;Negative
343;ngapa kok jadi sok imut gtu;Negative
344;mie murah minta vip 😂;Negative
345;"jgn sampe gua triak nih? lah anak mamih bgt, apa"" harus di turutin, kalo enggak pasti triak 😂";Negative
346;apaan bgt cowo begini 😭😭;Negative
347;ini lah polisi slalu mncari kslahan orang...dh biasa ni;Negative
348;yng kosuptor ko beda ya;Negative
349;Ga punya motor tapi mau ikut Touring ???? Di tinggal dech;Negative
350;Jannah sok jgo;Negative
351;cir ciri orang kaga punya ibu😹😹😹;Negative
352;bpknya bau tai pasti;Negative
353;yatem ya lo 😹;Negative
354;ciri ciri yatim😂;Negative
355;Kontennya basi, bosenn;Negative
356;serlok bg gua mau sewa mamalu;Negative
357;Narsis banget, malu kali ah;Negative
358;Fake bgt, keliatan bgt setingan semua;Negative
359;caper bgt;Negative
360;captionnya cringe parah;Negative
361;Gaya doang, tapi isinya kosong;Negative
362;suka banget sama vibesnya 💖;Positive
363;Gila sih, fotonya estetik parah 📸✨;Positive
364;Setuju bgt sm pendapat kk 💯;Positive
365;Selalu jadi mood booster tiap liat postingannya cici 😍;Positive
366;Dukung selalu karya anak bangsa! 🇮🇩;Positive
367;HAHH,,, KRENN BGTT MBAA 😭;Positive
368;Sungkemmm, pro bgt ngepaes sendiri🙏🙏🙏🙏🙏🙏;Positive
369;KERENN BANGETTT GAMBAR PAES NYAAAA😭;Positive
370;buat yg blng masker Ohmyskin murah, tlng ya..gak smua orng ekonominya kayak kalian. di mata kalian mungkin murah, tapi buat orang lain itu bisa jadi mahal. jadi sebelum komentar, pake empati dulu.;Positive
371;tag mimin ohmyskin guys biar diendorse 👇;Positive
372;ka sini ak beliin><;Positive
373;kak? pasti cape bgt yaa, semngat terus yaaa☹️💗;Positive
374;ohmyskin emg sbgus itu sii, btw semangat ya kak😉😉;Positive
375;plis jangann nangis ,muka nya kek mau nangis 😭;Positive
376;masker ohmyskin emang murah, tp ga semua orang bisa belii, btww semangatt kakaaa💗;Positive
377;kak mau aku beliin masker oh my skin gak???😁😁😁😅😅😅;Positive
378;oh boy, u will and can buy anything, anything u want in the future. ure gonna be a successful person.;Positive
379;Baik banget😭;Positive
380;"yg ngomong ""masker oms murah"" lu sekaya apa si? gk semua orang bisa beli, kalian kayak gitu sama aj kaya BULLY⚠️";Positive
381;soft spoken bgt,lucuu🤩;Positive
382;berapaan? ada dana? mau di tf ga;Positive
383;he's so sweet :[ semoga kakak bisa beli masker oms yg banyak yaaa;Positive
384;ehh sumpah saran, jangan naro di tempat yang tembus pandang trus kalo bisa taro tempat yang emang kamu doang yang tau, kalo emang ga ada tempat tertutup, bisa di taro di buku dan bukunya di umpetindeh;Positive
385;sedih BANGETTT sama Kakanya🙂,semoga kebeli masker oms nya yaa KAK,gini aja aku sedih🙂, semangatt kakk;Positive
386;muka nya lucu ih;Positive
387;semangat kaaa,masker oh my skin menunggu muu;Positive
388;cara ngomong nya udah mau nangis ituu :(😭;Positive
389;"@ೀ kօɾízҽղ αզílαααα ୨ৎ:""padahal masker ohmyskin murah"" ga semua orang mampu beli.";Positive
390;SALUT DIA NYA SOFT SPOKEN BGT🥹🫶🏻;Positive
391;"semangat terus bangg semoga bisa kebeli 2 masker oms ya jangan dengerin kata orang orang yang bilang ""Masker oms murah jir"" jangan di denger ya";Positive
392;semoga cepat kebeli ya masker oms🥳;Positive
393;"""Masker ohmyskin murah"" inget gyuss gaaa semua orng ekonomi nyaa smaa kaya kitaa, btw semangat kak nabung nyaa";Positive
394;manis banget si adekkk😭❤️yang cowoknya juga manis banget, ngehargain banget🥹💖;Positive
395;semangat trs yaa buat nabung!! keren bgt mau rawat diri kmu🤩 and semoga cocok jg sama produknya soon bisaa beli skintific;Positive
396;Semangat, dek.;Positive
397;KAWAL DIA SAMPE PUNYA SKINCARE YOK;Positive
398;semoga kebeli ya masker oms 😁😁;Positive
399;semangat yaa;Positive
400;Kriuuk kulitnya pasti ueenak tenan😍;Positive
401;ya ampunn gila effort nya gak Main2 loooo;Positive
402;semangat kk aku dukung kk nabung buat beli masker oms💪;Positive
403;tau banget rasanya uang ilang gatau sama siapa di ambil, semangat kaa nabung nyaa;Positive
404;"that ""makasih"" sounds so sweetttttt";Positive
405;"""makasiih"" he such a green flag 💚";Positive
406;SERUU BGT NGESTAN GRUP INI;Positive
407;Masker ohmyskin emg murah tpi blm tentu semua org bisa beli.....Dan untuk kakaknya jangan di pikirin apa kata orang lain....pokonya semangat terus buat kakaknyaa;Positive
408;haaiii semuaaa memangg yaa ohmyskin emangg murahh, tapii ga semuaa bisaa belii dan haruss nabunggg duluuu semangattt kaka nabungnyaaa💞;Positive
409;aku sedih bgt semoga kakak bisa beli masker oms nya ya;Positive
410;Smngt bg,walaupun ekonami kita beda tapi kamu lebih hebat dr aku aku paling cuma nabung sampe 10rb dan itupun ga awet smngt untul menggapai mimpi kita semua percaya kamu bisa beli masker oms dengan perjuangan mu sendiri😆👍;Positive
411;semangtt kakk semoga kebeli tuh masker oms nya;Positive
412;Masker Oms emg murah ko gaiss, cmaa gasemua Ekonomi org bagus 😕😕🤍;Positive
413;semogaa kebeli ya masker oms nya, semangat nabung;Positive
414;semangat kak aku doain moga Kaka bisa kebeli masker oms💗👍🏻;Positive
415;semangat ya kak, semoga uang nya cepet kekumpul buat beli masker oms 😍🩷;Positive
416;sukses selalu yaaa;Positive
417;semoga ter capai bro🗿;Positive
418;HAH KEREN BANGET??;Positive
419;masker oms emang sebaguss ituu righttt;Positive
420;hmm semoga cepet kekumpul ya duitnyaa kak biar bisa beli masker oms;Positive
421;semangat ya bang, semoga bisa beli masker oms🙌;Positive
422;semangat nabungnya semoga bisa kebeli ohmyskin 😍;Positive
423;mantapp pakkk🔥🔥;Positive
424;semoga kk nya bisa beli masker ohmyskin;Positive
425;"""harga masker oms murah jir"" ya emang murah, kalo emang murah beliin sana satu box kalo emang murah mah. lagian ga semua orang mampu kocak";Positive
426;semangat terus bang buat beli masker oms🙏🙏;Positive
427;Carmen lucukk kaya bayi🤭😻;Positive
428;semangat terus kak semoga bisa kebeli masker ohmyskin😉👍🏻;Positive
429;mukanya kasian bgt plis, g tega 😢;Positive
430;buat cowo2 silahkan dicontoh si adek cowo satu ini, kalo ada cewe effort dihargai dan bilang makasih, jgn jd sok kegantengan dan malah jd bren9s[e]k. biar cewe pun ga takut buat effort;Positive
431;"buat yg komen ""masker oms murah jir"" iya tau murah, cuma stiap orang ekonominya beda², jdi jgn asal gampang ngomong, iya murah bagi lu yg banyak duit🙏, buat kakanya semangatt.";Positive
432;𝗌𝖾𝗆𝖺𝗇𝗀𝖺𝗍 𝗍𝖾𝗋𝗎𝗌 𝗒𝖺 𝗄𝖺𝖺, 𝗌𝖾𝗆𝗈𝗀𝖺 𝗌𝖾𝗆𝗎𝖺 𝗄𝖾𝗂𝗇𝗀𝗂𝗇𝖺𝗇 𝗄𝗆 𝗍𝖾𝗋𝖼𝖺𝗉𝖺𝗂 𝗌𝖺𝗍𝗎 𝗉𝖾𝗋𝗌𝖺𝗍𝗎 𝗒𝖺𝖺🫂🤍;Positive
433;komen nya adem ayem 💋💋💋💋;Positive
434;haloo kak malam, mau aku bantu beliin atau di kasih uangnya aja buat nabung lagi?;Positive
435;semangatt yaa kaa, jangan dengerin apa kata orang lain yyaa kaa, mereka gatau apa yang kita rasain begitu juga sebaliknya🤗🤗;Positive
436;Terimakasih sudah ci sudah mencoba dsn honest review, ditunggu kedatangannya di Bali❤️❤️;Positive
437;Kulitnya glowing banget;Positive
438;kak mau open donasi gaak, maaf kalo lancanggg tapi niat aku maksudnya baik kokk semangattt kak SEMANGATTT😻;Positive
439;haii kamuu, aku boleh bantu beliin??walaupun ga terlalu banyak,kamu kerennn aku saluttt;Positive
440;ihhh semangat yaaa nabung nyaaa;Positive
441;ka ada dana ga;Positive
442;Salfok sama wajahnya cici... Glowing & flawless... Spill skincare nya donk ci... 😍😍😍;Positive
443;semangat 💪💪💪;Positive
444;ii nyesek bgt pas ngeliat dia narik napas nyaa, semangatt yaaa !! 👾;Positive
445;tpi mskr oms emng sebagus itu woiui🤩,bru makek 2kli jrwt gue rontok semuaa;Positive
446;salut bgt sama kluarganya;Positive
447;toleransinya kuat bgt;Positive
448;semangatttt kaa[happy][yummy][yummy];Positive
449;salut liat komenya😻;Positive
450;kak aku saranin pake ayat gitu di kertas kemudian masukin ke celengan kamu cari aj di tiktok banyak,aku juga pernah hilang uang 200k orng rmh ga ada yg ambil setelah aku pakai ayat tsb akhirnya aman😋;Positive
451;ihh cans bgt;Positive
452;Gurih bner ini sih;Positive
453;kakk aku beliin yaa kamu mau variant apaaa?;Positive
454;ihh gantengnyaa;Positive
455;soft spoken bangettt😭😭😍;Positive
456;pasti kakanya soft spoken;Positive
457;manisnyaa, jd pen di hap;Positive
458;Sangat enak 🤤;Positive
459;jangan lupa kak baca doa saat menabung 🥰;Positive
460;terbaikkk;Positive
461;HAII KAAA, jangan dengerin kata orang orang yaa, nemuin orang yang masih nabung itu langkaa kaa, makaasii yaa, semangat nabung nyaa💛💛💛;Positive
462;KENAPASIHH COWO ITU GAMPANG KASIAN😔 , btw semangat ya kak😇✨;Positive
463;kereeen banget animasi nyaaa😍😍🔥🔥;Positive
464;kreatif bgt anjai;Positive
465;semangat bg,semoga rezekinya dilancarkan oleh allah swt dan semoga kebeli masker nya☺️💪🏼;Positive
466;Inspiratif banget postingannya, makasih sudah berbagi 🙏;Positive
467;ayooo nabung lagi;Positive
468;ente yakin dia introvert 🗿;Neutral
469;tau kan kenapa nikah;Neutral
470;cari naruto bang naruto🗿;Neutral
471;khan saljuuu;Neutral
472;kok ga bawa sirup sih;Neutral
473;kok sepi🗿;Neutral
474;besok libur Terahkir jirr💀☠️;Neutral
475;coba liat story aku🤭🙏;Neutral
476;next gunung kidul, udh follow;Neutral
477;baru juga buka komen🗿;Neutral
478;KESATU;Neutral
479;absen sebelum ribuan;Neutral
480;besok sekolah☠️☠️;Neutral
481;"""woi lagi santai kawan""🗿";Neutral
482;hukum rambut ruben onsu;Neutral
483;rambut sengaruh itu ya? 😭;Neutral
484;met udah met😔;Neutral
485;1,5x kane bro;Neutral
486;wkwkwk ayo men buat jedag jedug biar asikk;Neutral
487;mennn😭😭;Neutral
488;Dapet aja anjir heran 😭😭;Neutral
489;et dah di ajak jj nggak tuhh;Neutral
490;"Carmen ke editor SM
""pake efek yang ini ege""";Neutral
491;greget pgn ngeditin🙏🏼☺️☺️;Neutral
492;kecepatan 2× asikk bat anjayy🤟🤟;Neutral
493;carmett bilek: behhh pasti langsung fyp niii🗿;Neutral
494;tebak siapa yg ngajakin 😭😭;Neutral
495;idenya carmen ini mah😭;Neutral
496;ANJRR DIPAKE SOUND NYA CO😭;Neutral
497;proyek baru gimgim;Neutral
498;the chase velocity 😭😭😭😭😭;Neutral
499;Walid nak Dewi boleh;Neutral
500;Mau kesitu☺️;Neutral
501;hukum rambut ruben onsu;Neutral
502;rambut sengaruh itu ya? 😭;Neutral
503;kaya ruben anjr😭;Neutral
504;engk kuat plssss 😭😭😭😭😭;Neutral
505;NGAKAK😭;Neutral
506;gua ketawa karir bgt etdh;Neutral
507;gatau gapernah botak soalnya 🙏🙏🙏;Neutral
508;"temen"" nya anak buah koko sanggul anjirr😭😭";Neutral
509;ruben onsu versi pelajar;Neutral
510;GAKUATTT RUBEN BACK TO SCHOOL😭😭😭;Neutral
511;langsung beda orng njir😭;Neutral
512;tinggal pake kacamata;Neutral
513;"di sekolah ku razia rambut di jambak"" anjir";Neutral
514;kok ga ketawa si😭;Neutral
515;pdaa bilang mirip ruben, padahal lebih mirip zaky zimah;Neutral
516;aura fizinya kuat bgt😔;Neutral
517;ka... 😭;Neutral
518;inget banget yg episode pada rapi” upin ipi beli baju rapi, mail nyetrika gaboleh kepegang ituu mirip bangett😭;Neutral
519;buyutnya ruben onsu;Neutral
520;mna kak litanya mrip dewi lgii😭😂;Neutral
521;WALID❎️JARJIT✅️;Neutral
522;akhirnya aku ngerti ilusinya,,;Neutral
523;"""heh sandalmu keri"" saking saltingnya😭";Neutral
524;10-20 tahun lagi aku akan kembali utk lihat apakah red string theory berlaku jg di dua bocil ini;Neutral
525;konsepnya emg cinderella ga sih? pake ninggalin sendal gitu;Neutral
526;"10 tahun lagi pasti ""tiktok do your magic""";Neutral
527;Bibit2 Ae sun & Gwang Sik kah?;Neutral
528;buset onty single born crazy rich kaya gw ini harus melihat percintaan bocil²😭😭😭;Neutral
529;bisa2nya mpok2 kyak gw saltink ama bocil😭;Neutral
530;salting brutal sampe sandalnya ketinggal😭🤣🤏🤏;Neutral
531;"Kalo di drakor biasanya diketemuin lagi pas gedhe. Nggak tahu deh kalo irl, paling ""meskipun terlambat, selamat atas ..."" wowkwowkwowkwok..";Neutral
532;kalo pipis repot gak ciii🙏;Neutral
533;roknya 130rb beli dmn?;Neutral
534;rok celana nya minta link nya dong ci;Neutral
535;pasti yang nonton bayi bangkotan semua😭;Neutral
536;YANG FATEH😭😭😭;Neutral
537;Nggk kerasa Saleha halilintar udah segede ini😭😭;Neutral
538;carmen udah men, takut nanti malah tambah pargoyy😭😭🙏;Neutral
539;tebak isi tas sisca kohl 👆;Neutral
540;akhirnya liat muka mama nya kak Jesica Jane;Neutral
541;“Police nak tangkap walid boleh” 😭;Neutral
542;Stresss yang nonton film Bidaah ini 😭😭😭;Neutral
543;Clayton bikin deg2an😂😂😂;Neutral
544;clayton sampe panik😭;Neutral
545;helm nya patah🗿😭😭😭;Neutral
546;helmnya 😭😭😭;Neutral
547;bro sudah tau yg akan dia lakukan😂;Neutral
548;kaya gini aj aku sampai kejawaa😂😂😂😂;Neutral
549;gak enak tau nahan ketawa jam segini😭🙏;Neutral
550;tolong kaki saya sakit;Neutral
551;mau ketawa keceng ortu tidur🗿;Neutral
552;udh mau tidur gini malah dibuat ketawa🗿;Neutral
553;prilly koki cilik anjirr😂😩;Neutral
554;teh prilly makan gacoan level berapa ya😭;Neutral
555;Dia nyicipin sambel udah kek nyicipin nasi goreng 😭 sesendok langsung 🤣;Neutral
556;keball cabe😭😭;Neutral
557;ini real apa borongan? 😭;Neutral
558;banyak banget ntar core nikahan jessica erwin🤣;Neutral
559;ga pengantinnya ga tmnnya sama aja malah ngelawak😭🤣 nikahan jessica jane core🤣;Neutral
560;ini valerie yg perlu dijaga 😭;Neutral
561;KWKWKWKWKKWKW CAPE BGT;Neutral
562;jadi siapa yg jagain😭;Neutral
563;valerie bingung, yg nonton juga tambah bingung 😭;Neutral
564;shift shift an aja lah;Neutral
565;pov introvert ngomong depan banyak orang😭;Neutral
566;er dan jen jagain lilin ya;Neutral
567;ni mau kemana ni arahnye😭😭🤺;Neutral
568;"temen""nya diem berarti";Neutral
569;setan : anj jadi ga mood gini;Neutral
570;ubur ubur ikan lele Yang penting ga dirumah MERTUA lee🗿;Neutral
571;Pas siang 🥰 pas males 💀;Neutral
572;mending campur ma Kunti si ketimbang campur mertua;Neutral
573;setan di malam hari: dan yap gw ketahuan;Neutral
574;klo sudh di kembalikan gk usah di post ke medsos,belum ditanya kan ibu tersebut mencuri untuk apa ?;Negative
575;semoga kamu ga merasakan kaya yg punya toko ya dicuriin terus tiap hri, sekalinya di curi bnyk bgt lagi. klo mau keliatan baik bolee, tapi tolong lah jgn menormalisasi MALING;Negative
576;ini bukan soal ikhlas/ga ikhlas kak, tp ini hukuman ato konsekuensi. ibarat kata, barangmu dicuri tiap hari meskipun nominalnya kecil tp kalo dikalikan setiap hari nominalnya akan besar dan merugikan;Negative
577;emak emak lu mana tau joks, hapus tiktoknya bu ga usah lebay klo ga tau joks;Negative
578;gak, lu kaya monyet;Negative
579;NI ORG JOKESNYA KACAW BGT ANJIR 😭😭;Negative
580;merusak generasi;Negative
581;cewek yg baju pink tipe temen yg membosankan;Negative
582;codeblu sama gastronusa sama2 problematik sih. btw five monkeys emang biasa aja. rasa mcd harga diatasnya;Negative
583;mereka pada knp si padahal ganteng loh mereka;Negative
584;aku yang kadang dapet orderan 5bungkus diwaktu bersamaan aja udah deg² an nerfeus tiba² kebelet pisis tiba² kebelet berak dan lain sebagainya;Neutral
585;tahan dulu ketawa nya anj😭🫵🏻;Neutral
586;Dek percaya deh kalo udah besar, jadi apa aja yang penting kerja ;Neutral
587;bisa ae abgnye pilih yg cantik😭;Neutral
588;salting brutal cowoknya;Neutral
589;Enakkkkk cuma pricy tapi nagih memang;Neutral
590;murah bgt seabrek 16rb😭;Neutral
591;anak kedua mah emg gitu bangg😭😭😭;Neutral
592;berasa di kasih tips;Neutral
593;bukan nolak,tapi kaya ga enak aja di beliin yang baru😅;Neutral
594;TAPI JUJUR BAGUS;Positive
595;LUCU BANGETT, MAU IKUTANN CERITAA;Positive
596;seru banget ih advicenya bener bener sesuai logika gue wkwkwkkw 🥰🥰🥰;Positive
597;ternyata se seneng itu ya kalo masakan yg dimasak tu dihabisi;Positive
598;suka bgt sama rombongan ini 🥰;Positive
599;Lucu banget adik kaka ini😭😭;Positive
600;cakep banget kak erika lukis nya;Positive
601;salut, owner ma crewnya perempuan strong, mantab;Positive
602;yg jd KULI 😔 mgkin si adek sadar diri kalo ortunya kurang mampu jadi gk muluk2 cita2 nya semoga kelak dewasa bs melebihi kuli ya dek arsitek mgkin 😊;Positive
603;kereeenn..aku kasih skor 1000..semangat terus nura;Positive
604;gua sampe lupa wajah asli ibnu🗿;Neutral
605;gaada orang sempurna;Neutral
606;Kalau mau ketawa, ketawa aja mba…;Neutral
607;spill voice overnyaaaa pakai AI apa;Neutral
608;pening pala gw liat kamera ny;Neutral
609;klo lagi sendiri gini gacor banget, pas jadi MC planga plongo😁, napa sih lo;Neutral
610;suruh nyeritain pengalaman 🤣malah HRD nya suruh liat aja di CV;Neutral
611;emg kitanya lg stress aja ga sih 😭😭😭;Neutral
612;jodinn bagi playlist spotify mu pliss;Neutral
613;Duh tipe gw bgd ni;Neutral
614;Dia tau gasi kalo itu KW?;Neutral
615;muka serius , pembicaraan misterius😭😭😭;Neutral
616;kagak sakit cuman kaget aja 🤣;Neutral
617;makan bakso kuahnya dipisah😭, sekte mana lagi itu;Neutral
618;kak bakso omen bukan?;Neutral
619;beli di mana ci baso nya;Neutral
620;suaranya sopan bgt msk tlinga;Positive
621;ini mahh estetik parahhh✨;Positive
622;Lucuuu bgt editannya🥺;Positive
623;HAHAHAH SAMA BGTT, kalo aku dulu nunggu disuruh pulang sama mas/mba nyaa baru aku pulang;Positive
624;pizza 1 meter jadi kyk papan congklak di tangan mereka 😂;Positive
625;IIIII SERUUUUUNYA🤩;Positive
626;ini namanya kreator yg Terima kritikan,berarti tetehnya masih punya hati luv sekebon pokoknya mah;Positive
627;tapii kerenn sihh mauu merasa dan bisa intropeksi diri,soalnya jarang2 creator yg kaya gini. but apapun itu semangat trss ya kak;Positive
628;lucuw banget persahabatan inii;Positive
629;kayak lagi nonton filmm, positive vibes bgt🥹🥹🥹;Positive
630;kakkk, kmu ngingetin akuu sm temenkuu tpi skrng kitaa ud asing :( btww kamuu positif vibes sekalii sukakkk💗;Positive
631;stay strong mas, kamu msh muda & pasti lbh kreatif, pasti nanti ada rejeki, yg penting skrg jaga kesehatan & tetap semangat yaa;Positive
632;ikut seneng kak sadam!!! berbahagia terus ya, jodoh gak akan kemana kak.;Positive
633;UPLOAD TERUS PLIS, suka bgt sm vlognya!;Positive
634;Enak ya klw banyak uang bisa bagi2🥺 smga nular rezekinya🤲🏻;Positive
635;Berbagi itu menyenangkan bgt tau guys, walaupun cuma bisa berbagi dikit tp aku happy bgt klo udah bisa bikin org senyum. Konsep berbagi gak harus banyak ya, sesuai kemampuan;Positive
636;modal muka doang, isinya kosong bingits 🤷;Negative
637;bole kali ngaca dlu sblm upload 🙄;Negative
638;Too much ga si kalo kayak gini;Negative
639;BANYAK YNG NYALAHIN HRD , FIX SEKOLAH CUMAN PEGANG PENSIL AJA;Negative
640;Mc yg laki hah heh hoh, harus dipancing yg mc cwe dulu;Negative
641;ini endorse guys jd diblg enk.. cb klo review sndr ditaro kecoak buat meres ato gk setidaknya gratisan;Negative
642;maaf muka dia agak kyk anak2 autis ga sih;Negative
643;bangga banget beli kw😭;Negative
644;Jangan kasih panggung ke dia plis;Negative
645;pelayanannya lama banget waktu itu, nunggu nasi goreng doang 2 jam aowkwowk;Negative
646;butuh review jujur, enak gak? emak gue ngajakin kesini mulu🥲;Negative
647;"udah cape"" kerja biar bisa makan enak malah harus makan sayuran";Negative
648;sesama kosong saling membela🔥;Negative
649;pemuja bansos penguasa sibuk2 jilat2…;Negative
650;ini bocah auranya ngajak gelud 🤣;Negative
651;wakKKKakkakkkk iya kang. kosong banget. asal. bunyi doang;Negative
652;harusnya udh ke spoiler dri foto profilnya. tp gua bloon😭😭😭🙏🏼;Neutral
653;udah di pencarian nya yuk balik;Neutral
654;itu kan sarung kaki bunda;Neutral
655;kenapa bayi tuh seneng banget duduk di muka😅;Neutral
656;Walid nak dewi boleh??❎ ibnu nak liat boleh????✅;Neutral
657;Gils, lo keren banget sih!🔥;Positive
658;Gue speechless, hasilnya cakep abis 😍;Positive
659;suaranya adem bgt,, aslii;Positive
660;vibesnya positif bgtt, suka dehh;Positive
661;Gw sih yes! Keep it up! 🔥🔥;Positive
662;ngapain sih upload beginian? ga jelas 😑;Negative
663;Gayanya lebay, cringe overload 😵‍💫;Negative
664;Bikin konten mikir dulu napa, jgn asal gas 🙄;Negative
665;niat sih ada, tapi hasilnya... meh 😬;Negative
666;pede lo segede gaban, hasilnya ZONK;Negative
